city_id,accuracy,precision,recall,f1,auc,n_samples
1,0.9992330111980365,0.9994301994301994,0.9991455425804614,0.9992878507335138,0.999640602843192,13038
1,0.9995637236189125,0.9997734921045819,0.9997087944088526,0.9997411422099984,0.9993929570610647,36674
1,0.999189939042913,0.9995701843682842,0.999524962110073,0.999547572727684,0.9982811323498109,49379
